[
  {
    "id": "985b49d6-d6cd-4e97-af08-b1e8519f806e",
    "data": [
      {
        "text": "find my position",
        "userDefined": false
      }
    ],
    "isTemplate": false,
    "count": 0,
    "updated": 1528367953
  },
  {
    "id": "c5e71ae8-932f-4468-b782-03f42e74f557",
    "data": [
      {
        "text": "where am I",
        "userDefined": false
      }
    ],
    "isTemplate": false,
    "count": 0,
    "updated": 1528367953
  },
  {
    "id": "357581d5-a301-42cd-99e5-8c8153d310e0",
    "data": [
      {
        "text": "locate me",
        "userDefined": false
      }
    ],
    "isTemplate": false,
    "count": 0,
    "updated": 1528367953
  }
]